topic,keywords,severity,suggested_actions,follow_up_metric
Slow service / long waiting time,slow service;long wait;waiting;queue;delay;late seating,medium,Add staff during peak hours;Introduce queue display or SMS alerts;Pre-batch popular items;Time-and-motion check for bottlenecks,Average wait time (min); % seated <10min
Rude or unprofessional staff,rude staff;impolite;unprofessional;bad attitude,high,Immediate coaching;Customer service refresher;Recognize good behavior;Escalation protocol for repeat offenders,Complaints per 100 orders; CSAT on service
Cold food / not served hot,cold food;not hot;lukewarm,medium,Check pass times;Use heat lamps appropriately;Plate-to-table timing SOP;Insulated delivery packaging,Remakes due to temp; Kitchen pass time (min)
Undercooked / overcooked food,undercooked;raw;overcooked;burnt,high,Retrain on cook temps;Calibrate grills/ovens;Introduce final temp checks for risky items,% remakes due to cook level; Food safety incidents
Small portions / value concerns,small portion;too little;not enough;poor value,medium,Recalibrate portioning tools;Menu photo/portion alignment;Bundle deals for value seekers,Portion variance (g/ml); Value perception CSAT
High prices / expensive,expensive;overpriced;pricey,low,"Highlight value items;Limited-time promos;Menu engineering (stars, plowhorses, puzzles)",Promo redemption%; Price-sensitivity feedback
Incorrect order / missing items,wrong order;missing item;incorrect;forgot,high,Introduce order verification checklist;Name items aloud before handoff;Label bags/boxes clearly,Picking error rate; Re-delivery rate
Dirty tables / poor cleanliness,dirty table;dirty floor;unclean;messy,high,Tighten bussing schedule;Zone responsibilities;Visible cleaning log for guests,Cleanliness audit score; Time-to-clean (min)
Noisy / loud environment,too loud;noisy;loud music,low,Lower volume;Add soft furnishings;Seat families away from bar area,Noise dB at peak; Seating satisfaction
Reservation / seating issues,reservation lost;no table;overbooked;seating problem,medium,Adopt reservation system with confirmations;Hold-back policy;Clear walk-in queue rules,No-show%; Seating SLA adherence
"Food safety / contamination (e.g., hair, foreign object)",hair in food;plastic in food;foreign object;contamination,critical,"Immediate incident protocol;Root-cause analysis;PPE checks (hairnets, gloves);Retraining",Incidents per 10k dishes; Corrective actions closed
Allergen / cross-contact concerns,allergy;allergic;cross contamination;gluten contamination;nut contamination,critical,Dedicated prep utensils/areas;Allergen menu icons;Server script to confirm allergens;Chef final verification,Allergen incidents; Staff allergen training completion
Overly salty / spicy / bland taste,too salty;too spicy;bland;no flavor,low,Standardize seasoning measures;Offer mild/spicy options;Taste panel spot checks,Taste-related complaints per 100 orders
Delivery late / poor packaging,late delivery;delivery delay;leaked;spilled;poor packaging,medium,Partner SLAs;Heat-seal/tamper-evident packs;Sauce cups with lids;Route optimization,On-time delivery%; Packaging failure rate
"Beverage issues (watery drinks, no ice, flat soda)",watery drink;no ice;flat soda;warm drink,low,Calibrate syrup:carbonation;Ice machine maintenance;Pre-chill glasses,Drink remake rate
Restroom cleanliness,dirty restroom;bathroom dirty;restroom smell,high,Timed cleaning rounds;Supply checklist;Manager spot checks,Restroom audit score; Complaint count
Parking / access issues,no parking;hard to park;bad parking,low,Validate parking with partners;Signage for pickup spots;Curbside pickup windows,Pickup time (min); Curbside usage%
Seating comfort / temperature (too hot/cold),uncomfortable seat;too cold;too hot;AC;heater,low,Rebalance HVAC zones;Draft blockers;Cushions or alternative seating,Comfort CSAT; Temperature variance (°C)
Menu limitations / dietary options,no vegetarian;no vegan;no gluten free;limited menu,medium,Add 1–2 dietary-friendly dishes;Mark allergens;Rotate seasonal specials,Diet-friendly item sales; Related complaints
Misleading menu / item not available,item unavailable;sold out;not as described;misleading menu,medium,86-items board visible;Real-time menu updates;Photo/description alignment review,Stockout frequency; Misrepresentation complaints
Unfriendly or inattentive service,unfriendly;ignored;inattentive;didn't check on us;no refill,high,Table touch policy every 10–15 min;Refill checklist;Service scripting for greetings and checks,Server visit interval (min); CSAT on service attentiveness
Long wait for bill / payment issues,bill took too long;waited for check;slow payment;card machine issue,medium,Server prompt for bill offer;Portable POS devices;Backup card terminal and cash float check,Avg time from request to bill (min); Payment failure rate
Wrong billing / unexpected charges,overcharged;wrong bill;extra charge;service charge not informed,high,Two-person bill verification;Menu clearly notes fees;Dispute resolution script and comp policy,Billing error rate; Refund/adjustment count
Menu item unavailable / sold out,sold out;not available;out of stock;ran out,medium,Real-time 86 board;Server briefing pre-shift;Offer substitutions and inform ETA,Stockout frequency; Substitution acceptance%
Food not as described / presentation poor,not as described;didn't look like photo;poor presentation,medium,Align photos with plating;QC at pass;Staff training on dish description accuracy,Mismatched-expectation complaints; Photo-to-plate audit score
Stale or low-quality bread/appetizers,stale bread;old bread;bad appetizer;not fresh starter,medium,Shorten holding times;Batch bake schedule;Swap supplier if needed,Bread waste vs freshness score; Starter complaint rate
Dessert quality issues,bad dessert;too sweet;dry cake;ice cream melted,low,Adjust recipes sweetness/moisture;Serve desserts last minute;Check freezer temps,Dessert complaint rate; Freezer temp logs
Coffee/tea temperature or quality,cold coffee;weak tea;bitter coffee;stale coffee,low,Brew cycle timers;Grind calibration;Water temp checks;Discard time labels,Drink remake rate; Brew-to-serve time
Refill delays (water/soft drinks),no water refill;empty glass;no refill;refill slow,low,Refill rounds schedule;Pitchers on stations;Signal flags for guests,Refill response time; CSAT on beverage service
Utensils/plates dirty,dirty fork;dirty spoon;stained plate;unclean dishes,high,Dishwasher maintenance;Spot-check station;Immediate replacement policy,Dish cleanliness audit; Returns due to dirtyware
Table wobble / seating comfort,wobbly table;unstable table;uncomfortable chair,low,Install table levelers;Regular floor checks;Replace worn chairs/cushions,Facilities tickets closed; Comfort CSAT
Temperature too hot/cold inside,too cold inside;too hot inside;AC too strong;drafty,low,Adjust HVAC setpoints;Seat maps to avoid drafts;Door curtains/vestibule,Temperature variance (°C); Comfort CSAT
Music too loud / wrong genre,music too loud;loud music;bad music;wrong music,low,Set dB targets;Playlist dayparting;Staff controls with guidelines,Ambient dB readings; Music-related complaints
Bad smell / odor issues,bad smell;odor;smelly;sewage smell,high,Identify source (drains/grease trap);Increase ventilation;Deodorize and deep clean,Odor incident logs; Resolution time
Insects/pests sighted,flies;cockroach;ants;bug,critical,Immediate pest control call;Seal entry points;Food cover SOP;Staff hygiene reminder,Pest sightings per week; Pest control reports
Crowded / cramped seating,too crowded;cramped;no space;tables too close,medium,Rearrange floor plan;Limit covers at peak;Stagger reservations,Avg table spacing (cm); Seating satisfaction
Kid-friendliness / lack of high chairs,no high chair;not kid friendly;no kids menu,low,Stock high chairs;Add kids menu options;Coloring sheets to occupy wait time,Family CSAT; High chair availability rate
Vegetarian/vegan/gluten-free options missing,no vegetarian;no vegan;no gluten-free;dietary options missing,medium,Add labeled dietary dishes;Cross-contact training;Menu icons and server scripts,Sales of diet-friendly items; Related complaints
Accessibility / wheelchair access issues,no wheelchair access;stairs only;no ramp;no accessible restroom,high,Install ramp/handrails;Accessible restroom standards;Train staff for accessible seating protocols,Accessibility audit score; Incident reports
Parking difficulties,no parking;hard to park;parking full,low,Partner with nearby lots;Signage for pickup spots;Validate parking during peak times,Parking complaints; Curbside pickup usage%
Reservation problems / overbooking,reservation lost;overbooked;no table despite booking,high,Digital reservation confirmations;Hold-back strategy;Escalation path with comps for misses,Reservation miss rate; Compensation cost
Ambiguity in service charge/tips,tip confusion;service charge unclear;gratuity not clear,medium,Menu disclosure near totals;Server explanation script;Receipt breakdown formatting,Billing queries; Chargebacks
Wi-Fi not working / slow,no wifi;wifi slow;wifi password not working,low,Guest Wi-Fi SSID with captive portal;Bandwidth checks;Visible password signage,Wi-Fi ticket count; Speed test logs
View/ambience not as expected,bad view;no view;dark lighting;poor ambience,low,Seat-by-preference notes;Lighting zones;Decor refresh plan,Ambience CSAT; Seat preference fulfillment%
Takeaway/packaging missing sauces or cutlery,missing sauce;no cutlery;forgot napkins,medium,Packing checklist;Sauce/utensil station;Label bags with included items,Missing item rate; Re-delivery/comp count
Online ordering system issues,app crashed;website error;can't order online;checkout failed,medium,Test user flows weekly;Maintain backup phone ordering;Error logging and quick fixes;Mobile optimization,System uptime%; Error rate per 1k orders
Gift card / voucher problems,gift card declined;voucher not working;code invalid;can't redeem,medium,Train staff on redemption;Clear terms on cards;System sync checks;Manual override protocol,Redemption failure rate; Support tickets
Loyalty program issues,points not added;rewards missing;account error;can't sign up,low,System audit monthly;Staff training on enrollment;Clear program terms;Support escalation path,Enrollment completion%; Points dispute rate
Bar service delays,waited too long for drink;bartender slow;bar overcrowded,medium,Add bartender during peak;Optimize bar layout;Pre-batch cocktails;Server bar pickup area,Drink prep time (min); Bar order backlog
Cocktail quality inconsistent,drink tastes different;too weak;too strong;wrong recipe,medium,Standardize recipes with jiggers;Bartender training;Taste checks;Recipe cards visible,Cocktail remake rate; Recipe compliance audit
Draft beer issues,flat beer;wrong beer served;cloudy beer;tastes off,medium,Line cleaning schedule;Check CO2/nitrogen;Temperature monitoring;First-pour waste protocol,Beer waste%; Line cleaning logs
Wine service issues,wrong wine;wine corked;served at wrong temp;small pour,medium,Staff wine training;Temp storage checks;Sommelier guidelines;Pour measure calibration,Wine complaints per 100 bottles; Staff cert %
Happy hour confusion,wrong price charged;items not available;unclear timing,low,Clear happy hour signage;POS auto-pricing;Staff briefing sheet;Menu highlights,Happy hour pricing errors; Promotion awareness%
Group reservation complications,party size wrong;split seating;unclear policies;deposit issues,high,Confirmation 24hrs prior;Clear party size policy;Linked table system;Deposit terms upfront,Group booking accuracy%; Cancellation rate
Private event / catering disappointment,food not as promised;setup late;wrong quantity;poor coordination,high,Event manager checklist;Tasting before event;Timeline with buffer;Post-event debrief,Event satisfaction score; Issue resolution time
No-show reservation held too long,table held too long;couldn't seat walk-ins;wasted reservation,medium,15-min grace period policy;SMS confirmation;Auto-release protocol;Waitlist priority system,Table turn rate; No-show%
Birthday/celebration service missed,forgot cake;no singing;didn't acknowledge;poor handling,medium,Reservation notes system;Staff briefing pre-shift;Celebration protocol;Comp dessert guidelines,Celebration acknowledgment%; Guest satisfaction
Language barrier / communication issues,staff didn't understand;language problem;can't explain order,medium,Picture menus;Multi-language key phrases;Translation app;Patient service training,Language-related complaints; Non-English guest %
Dress code confusion,turned away at door;dress code unclear;felt judged,low,Clear dress code on website/confirmation;Door signage;Graceful enforcement script,Dress code disputes; Website clarity score
Splitting bill difficulties,couldn't split bill;took too long;wrong split;card limit,medium,POS split function training;Portable terminals;Set table expectations early;Itemized splits,Split payment time (min); Error rate
Payment method limitations,cash only;no Amex;card reader down;no contactless,medium,Display accepted payments clearly;Backup terminals;Update website;ATM partnership info,Payment failure rate; Method mix%
Tipping pressure / suggested tips too high,tip suggestions too high;felt pressured;tip auto-added,medium,Adjust tip suggestion%;Clear auto-gratuity policy for groups;Receipt formatting review,Tip dispute rate; Average tip%
Takeout order wrong / missing items,wrong item in bag;missing side;incorrect modifications,high,Bag check protocol;Receipt stapled visible;Name items during pack;Photo documentation,Order accuracy%; Remake rate
Drive-through wait too long,drive-through slow;long line;order wrong at window,medium,Timer system;Two-lane if feasible;Menu pre-order via app;Order confirmation screen,Drive-through time (sec); Order accuracy%
Curbside pickup confusion,couldn't find spot;waited too long;no communication,medium,Clear numbered spots with signage;Arrival notification system;Runner dispatch protocol,Curbside wait time (min); Customer satisfaction
App notification spam,too many emails;spam texts;can't unsubscribe,low,Preference center in app;Unsubscribe honor immediately;Frequency caps;Value-based messages,Unsubscribe rate; Complaint count
Mobile app bugs / crashes,app keeps crashing;slow loading;can't log in;glitches,medium,Weekly QA testing;User feedback loop;Crash analytics;Quick patch deployment,Crash rate per session; App store rating
Menu QR code issues,QR won't scan;website slow;hard to read on phone;prefer paper,low,Test QR codes weekly;Paper menu available on request;Mobile-optimized menu site;Wi-Fi strong,QR scan failure rate; Paper menu requests%
Outdoor seating issues,too hot;bugs;uncomfortable;no shade;smokers nearby,medium,Umbrellas/heaters;Bug spray/candles available;Smoking section separate;Cushioned seating,Outdoor CSAT; Weather-related moves%
Wait time estimate inaccurate,told 20min but waited 45;estimate kept changing,medium,Realistic time estimates + buffer;SMS status updates;Visible queue system;Over-communicate,Estimate accuracy%; Actual vs stated wait time
Host/hostess rude or disorganized,rude greeting;lost reservation;chaotic seating;ignored,high,Hospitality training;Role-play scenarios;Shift lead oversight;Recognition for excellence,Host-related complaints; Greeting audit score
Server favoritism / unequal attention,server ignored us;favored other table;felt discriminated,high,Fair table assignment;Service standards training;Manager table touches;Anonymous feedback,Service equity complaints; Table visit variance
Server pushed items / upselling too aggressive,felt pressured;too pushy;kept suggesting expensive items,medium,Suggestive selling guidelines;Soft upsell techniques;Read guest cues;Balance targets vs guest experience,Upsell complaints; Attach rate
Food came out at wrong times,entrées before appetizers;staggered poorly;all at once,medium,Course firing system;Kitchen ticket times;Server communication;Expo coordination,Course timing errors; CSAT on pacing
Special occasion forgotten,anniversary not acknowledged;reservation note ignored,medium,Pre-shift notes review;Table flagging system;Manager greetings;Comp small gesture,Special occasion capture%; Acknowledgment rate
Automatic gratuity not disclosed,surprised by auto-tip;wasn't told;felt deceived,high,Menu disclosure;Server script for parties 6+;Receipt clarity;Train all staff,Auto-gratuity disputes; Clear disclosure%
Kids menu limited / unhealthy,no healthy kids options;only fried food;small selection,low,Add 2 healthy options;Fruit/veg sides;Allergen-friendly choice;Portion flexibility,Kids menu sales mix; Parent satisfaction
No changing table in restroom,nowhere to change baby;no family restroom;difficult for parents,medium,Install changing tables;Family restroom if space;Clear signage;Staff assistance offered,Family guest%; Changing table usage
Staff turnover visible / training gaps,new staff clearly untrained;different answer every time;inconsistent,medium,Structured onboarding;Shadow shifts;Knowledge tests;Mentorship program;Stay interviews,Turnover rate%; Training completion time
Manager unavailable / unresponsive,asked for manager;never came;manager dismissive;no follow-up,high,Manager table presence quota;Response time SLA;Recovery authority for staff;Escalation log,Manager call response time; Resolution rate
Compensation inadequate for problem,only got 10% off;didn't fix the issue;felt unheard,high,Tiered comp guidelines;Empower servers;Follow-up after comp;Document and learn,Repeat complaint rate; Recovery satisfaction
Loyalty reward redemption confusing,didn't know how to use;blackout dates;fine print unclear,low,Simplified redemption process;Clear terms upfront;Staff can explain;In-app tutorials,Redemption confusion tickets; Reward usage%
Inconsistent food quality across visits,great last time;disappointing today;hit or miss,medium,Recipe standardization;Cross-training;Quality audits;Shift lead taste checks,Visit-to-visit variance score; Repeat guest%
Portion size varies by server/cook,different portion each time;inconsistent;unfair,medium,Portioning tools mandatory;Photo standards;Weight checks;Retraining on variance,Portion std deviation; Audit pass rate
Music/TV inappropriate content,offensive lyrics;violent content;inappropriate for families,medium,Curated playlists only;Content filters;Volume/content dayparting;Family-friendly zones,Content complaints; Playlist compliance%
Bathroom supplies empty,no soap;no paper towels;no toilet paper,high,Hourly restroom checks;Par level system;Staff notification method;Log visible to guests,Supply stockout incidents; Check completion%
Phone reservations difficult,line busy;on hold too long;staff unhelpful on phone,medium,Dedicated reservation line;Call-back option;Online booking priority;Phone etiquette training,Average hold time; Abandonment rate
Unclear allergen information,server didn't know;conflicting info;scary for allergies,critical,Allergen matrix updated;Chef verification required;"I'll find out" script;Never guess policy,Allergen info accuracy%; Incident rate
Cross-contamination despite request,said gluten-free but got sick;allergy not taken seriously,critical,Dedicated prep area enforcement;Color-coded tools;Kitchen alert system;Manager verification,Cross-contact incidents; Protocol compliance%
Seasonal menu changes too frequent,favorite item gone;menu confusion;no consistency,low,Announce changes in advance;Keep core items;Seasonal specials separate;Email notifications,Menu change frequency; Customer retention
Price increases not communicated,prices went up;more expensive than before;no notice,low,Price update notices;Social media announcement;Staff talking points;Grandfather loyalty members,Price complaint rate; Value perception score
Server forgot to input order,waited forever;order never came;server forgot us,high,Ticket fire confirmation;Kitchen display check;Server follow-up after 10min;Manager alert system,Forgotten order rate; Kitchen void%
Buffet items empty / not refilled,empty trays;ran out;not restocked;waited for refill,medium,Runner schedule for refills;Par levels at buffet;Temperature monitoring;Fresh batch timing,Refill time (min); Item availability%
Salad bar freshness concerns,wilted lettuce;brown avocado;old dressing;warm items,medium,Rotation schedule;Temperature checks;Sneeze guards;Replace not top-off policy,Salad bar complaint rate; Temp compliance%
Ice cream machine broken,machine down;no milkshakes;can't order dessert,low,Preventive maintenance schedule;Backup frozen desserts;Clear signage when down;Staff training on cleaning,Machine uptime%; Maintenance frequency
Self-service kiosk not working,kiosk frozen;touch screen broken;can't complete order,medium,Daily system checks;IT support SLA;Staff override available;Clear instructions on screen,Kiosk uptime%; Staff assist rate
Order number system confusing,couldn't hear number;number display broken;missed my order,low,Dual announcement system;Visual and audio;Order ready app notification;Table delivery option,Missed order pickup%; Guest confusion rate
Food truck wait time excessive,line too long;slow service;understaffed,medium,Pre-prep popular items;Two-window system;Mobile pre-order;Peak hour staffing,Service time per order; Queue length
Catering order incomplete,missing items;wrong quantity;forgot serving utensils,high,Order confirmation call;Packing checklist with sign-off;Delivery photo documentation;Buffer inventory,Catering error rate; On-time complete%
Banquet food quality poor,food sat too long;cold when served;overcooked;bland,high,Hold time limits;Chafing dish monitoring;Plate service for premium events;Pre-event tasting,Banquet satisfaction score; Food temp at service
Conference room AV not working,projector broken;no HDMI cable;wifi doesn't reach;mic issues,medium,Pre-event tech check;Backup equipment kit;On-call AV support;Quick-start guide in room,AV issue rate; Setup time
Valet service slow or damaged car,waited 20min for car;car scratched;valet rude,high,Adequate valet staffing;Key tracking system;Vehicle inspection forms;Insurance verification current,Valet wait time (min); Damage claim rate
Coat check lost item,lost coat;wrong item given;unattended coat check,high,Numbered ticket system;Attended at all times;Item log with description;Security camera coverage,Lost item incidents; Claim resolution time
Server shared personal problems,oversharing;inappropriate conversation;made us uncomfortable,medium,Professional boundary training;Guest-focused conversation guidelines;Manager coaching;Shift debrief,Boundary complaint rate; Staff awareness score
Server asked for personal information,asked for phone number;hit on customer;creepy behavior,critical,Zero-tolerance policy;Immediate investigation;Termination protocol;Guest safety priority,Harassment incidents; Response time
Discriminatory treatment suspected,felt discriminated;treated differently;profiled,critical,Diversity training mandatory;Anonymous reporting system;Investigation protocol;Third-party audit,Discrimination complaints; Resolution actions taken
Asked to move tables multiple times,moved us three times;kept relocating;disruptive,medium,Seating plan confirmation;Single move maximum policy;Comp for inconvenience;Reservation notes accuracy,Multi-move incidents; Guest satisfaction
Forced to share table with strangers,communal seating not disclosed;uncomfortable sharing;no privacy,medium,Clearly mark communal tables;Opt-in policy;Private table waitlist;Design separate zones,Shared table complaints; Opt-in rate
Restaurant too dark to read menu,can't see menu;too dim;need phone flashlight,low,Table lighting adequate for reading;Menu backlighting option;Increase ambient light;Adjustable lamps,Lighting complaints; Lux meter readings
Glare from windows / bright lights,sun in eyes;blinding lights;headache from glare,low,Window treatments;Seat rotation by time of day;Adjustable blinds;Dimmable lights,Glare complaints; Seating adjustment requests
Ceiling fan / AC blowing directly on table,too windy;AC blowing on food;cold draft,low,Deflector installation;Seat guests away from vents;Adjustable fan speed;Zone HVAC controls,Draft complaints; Seating move requests
Baby changing station unsanitary,dirty changing table;no wipes provided;broken strap,medium,Include in cleaning rounds;Stock wipes/liners;Repair schedule;Sanitizer dispenser adjacent,Changing station cleanliness score; Supply stockouts
Automatic door not working,door won't open;hard to enter;accessibility issue,medium,Weekly door function test;Sensor adjustment;Manual override clear;Rapid repair protocol,Door malfunction reports; Repair response time
Elevator out of service,no elevator;stairs only;can't access upper floor,high,Preventive maintenance contract;Signage when out;Ground floor seating priority;Compensation for inconvenience,Elevator downtime hours; Accessibility complaints
Fire exit blocked,exit blocked;safety hazard;storage in pathway,critical,Daily exit inspection;Staff training on safety;Never block policy;Fire marshal compliance,Fire exit violations; Inspection pass rate
Slip and fall hazard,wet floor no sign;tripped on mat;uneven flooring,critical,Immediate signage for wet areas;Non-slip mats;Repair uneven surfaces;Incident documentation,Slip/fall incidents; Response time to spills
Broken glass not cleaned up immediately,glass on floor;unsafe;took too long to clean,high,Immediate cleanup protocol;Broom/dustpan at stations;Cordon area;Double-check sweep,Glass incident response time; Injuries
Food allergy reaction occurred,got sick;allergic reaction;hospital visit,critical,Immediate medical assistance;Incident report;Insurance notification;Root cause investigation;Process improvement,Allergy reaction incidents; Legal claims
Server handled food unsafely,touched food with bare hands;no gloves;coughed near food,critical,Handwashing and glove policy enforcement;Observation audits;Immediate correction;Health dept standards,Food handling violations; Audit score
Kitchen visible and looks dirty,dirty kitchen;disgusting prep area;unsanitary conditions,critical,Daily deep cleaning schedule;Pass-through window cleanliness;FOH/BOH standards alignment;Pride campaign,Kitchen cleanliness audit; Guest perception score
Grease or oil smell overwhelming,smelly;greasy smell;ventilation poor,medium,Exhaust hood maintenance;Duct cleaning schedule;Air purification system;Entrance vestibule,Odor complaints; Ventilation CFM readings
Garbage bins overflowing / visible,trash overflowing;smelly bins;bins in dining view,medium,Frequent trash removal schedule;Covered bins only;Bins hidden from guest view;Adequate capacity,Trash overflow incidents; Removal frequency
Smoking too close to entrance,smoke blowing in;smokers at door;can't avoid smoke,medium,Designated smoking area 25ft+ from door;Clear signage;Ash receptacles;Enforcement by staff,Smoking complaints; Policy compliance observations
Panhandling or solicitation at entrance,harassed for money;uncomfortable entrance;solicitors,high,Security presence;Relationship with local authorities;Clear no-solicitation signage;Guest escort offer,Solicitation incidents; Guest safety perception
Loitering in parking lot,suspicious people;felt unsafe;parking lot crowded with non-customers,medium,Security patrols;Good lighting;Customer-only parking signs;Monitor camera footage,Security incidents; Guest safety complaints
Poor lighting in parking area,dark parking lot;can't see;unsafe at night,high,Adequate lighting standards;Fixture maintenance;Add motion-sensor lights;Escort service after dark,Parking lot lux readings; Lighting failure reports
Car break-in in restaurant parking,car broken into;theft from vehicle;unsafe parking,critical,Security cameras visible;Signage disclaimer but show care;Lighting and patrols;Police partnership,Vehicle incident reports; Security response time
Homeless individuals inside restaurant,uncomfortable;person sleeping;asked for food/money inside,high,Compassionate but firm policy;Security training;Offer takeout meal donation;Partner with social services,Loitering incidents; Resolution time
Intoxicated guest disturbing others,drunk patron;loud and disruptive;belligerent,high,Cut-off policy training;Security or manager intervention;Arrange safe ride home;Incident documentation,Over-service incidents; Intervention time
Fight or altercation witnessed,fight broke out;felt unsafe;police called,critical,De-escalation training;Immediate security response;Guest safety priority;Law enforcement partnership;Ban policy,Altercation incidents; Response time
Theft of personal belongings,purse stolen;phone taken;coat missing,high,Guest awareness signage;Bag hooks under tables;Secure coat check;Camera coverage;Police report assistance,Theft incidents; Item recovery rate
Credit card fraud after visit,card skimmed;fraudulent charges;data breach suspected,critical,PCI compliance audit;Secure payment devices;Staff background checks;Notify guests if breach;Credit monitoring offer,Fraud incidents; PCI compliance score
Staff eating or drinking in view of guests,server eating at station;kitchen staff snacking,medium,Designated break areas out of view;Policy reinforcement;Shift lead monitoring,Staff behavior complaints; Policy compliance%
Restroom used as staff break area,staff on phone in bathroom;staff hanging out,medium,Staff restroom separate;Time-clock break policy;Manager restroom checks,Restroom misuse incidents; Staff policy compliance
Staff arguing loudly,staff yelling;kitchen argument heard;unprofessional,high,Conflict resolution training;Backstage areas for discussions;Manager intervention;Culture building,Staff conflict incidents; Guest perception score
Manager yelling at staff in front of guests,manager screaming;abusive behavior;uncomfortable,critical,Leadership training;Progressive discipline in private only;Guest apology;HR involvement,Public discipline incidents; Employee complaints
Staff using phone while serving,server on phone;distracted;texting,medium,Phone policy clear;Storage during shift;Manager spot checks;Guest-first culture,Phone use violations; Guest complaints
Dirty or unkempt staff appearance,server looked messy;dirty uniform;unkempt hair,medium,Uniform standards documented;Pre-shift inspection;Backup uniforms available;Grooming policy,Appearance violations; Uniform audit score
Strong perfume or cologne on staff,overwhelming perfume;cologne too strong;made me sick,low,Fragrance policy guidelines;Scent-free preferred;Ventilation;Gentle policy enforcement,Fragrance complaints
Staff smoking smell on server,server smelled like smoke;cigarette smell;unpleasant,medium,Smoking area away from entrance;Handwashing after smoking;Uniform change option;Smoke-free shift encouragement,Smoke odor complaints
Unauthorized charges after leaving,charged more later;tip changed;fraudulent charge,critical,Receipt review policy;Signature verification;Dispute resolution immediate;Terminal security audit,Unauthorized charge incidents; Chargeback rate
Receipt not provided,asked for receipt;didn't get receipt;hard to get,medium,Auto-receipt printing;Email option;Staff trained to offer;Reprint available immediately,Receipt request rate; Provision compliance%
Unable to reach restaurant by phone,phone rings forever;no one answers;voicemail full,medium,Phone coverage standards;Voicemail check schedule;Online contact form;Call-back system,Missed call rate; Response time
Social media message ignored,sent message;no reply;ignored on Facebook,low,Social media monitoring schedule;Response time SLA;Escalation to manager;Template responses,Social media response time; Resolution rate
Online review response lacking,bad review no response;feel ignored;no apology,low,Review monitoring daily;Response protocol;Manager ownership;Learn and improve process,Review response rate; Response time (hours)
Negative interaction with owner/manager,owner was rude;manager dismissive;felt attacked,critical,Owner/manager hospitality training;Guest perspective;Recovery empowerment;Accountability,Owner/manager complaints; Resolution satisfaction
Chain restaurant inconsistency with other locations,better at other location;different quality;inconsistent experience,medium,Brand standards audit;Cross-location training;Recipe consistency;Mystery shopper program,Consistency score across locations; Guest preference data
Franchise location poor compared to corporate,franchise worse quality;not same standards;disappointed,medium,Franchisee compliance audit;Support and training;Brand standards enforcement;Quality benchmarking,Franchise audit score; Guest satisfaction variance
Construction or renovation disruption,too loud;messy;dusty;uncomfortable,medium,Signage in advance;Discount during renovation;Limit work hours;Dust barriers;Alternative seating,Construction complaints; Discount redemption%
Closed unexpectedly without notice,showed up and closed;no notification;wasted trip,high,Website status updates;Social media announcements;Voicemail message;Email notification list,Unexpected closure incidents; Advance notice%
Holiday hours unclear,didn't know hours;conflicting information;closed on holiday,medium,Website and Google hours accurate;Social media posts;Voicemail update;Signage at entrance,Hours inquiry rate; Listing accuracy%
Limited hours / closes too early,closes too early;wish open later;inconvenient hours,low,Analyze demand patterns;Extended hours trial;Staff availability;Cost-benefit analysis,Late-hour sales; Guest request frequency
No lunch service / specific meal times unclear,no lunch;only dinner;meal times confusing,low,Clear service times on all platforms;Menu dayparting signage;Staff script for inquiries,Meal period inquiry rate; Sales by daypart
Seasonal closure without advance notice,closed for season;no warning;surprised by closure,medium,Announce seasonal schedule 30+ days advance;Email list;Social media campaign;Website banner,Seasonal closure complaints; Advance notice compliance
Private event blocked regular dining,couldn't dine;private event;turned away,medium,Calendar visible online;Advance notice to regulars;Partial space for walk-ins;Alternative location recommendation,Turnaway rate during events; Advance disclosure%
Menu doesn't match online version,online menu different;prices different;items not available,medium,Weekly menu sync check;Version control;Last updated date on website;Staff awareness of differences,Menu discrepancy complaints; Sync frequency
Photos don't match actual food,food looks different;misleading photos;photoshopped,medium,Update food photography;Realistic plating;Portion alignment;Photo date stamps,Photo complaint rate; Expectation vs reality score
Nutritional information not available,can't find calories;no nutrition info;need allergen details,medium,Nutritional data on website;Printed guides available;Staff training to access info;QR code to database,Nutrition inquiry rate; Information availability score
No healthy options / all fried,everything fried;unhealthy;no light options,low,Add grilled/baked alternatives;Salad upgrade options;Mark healthy choices;Balanced menu development,Healthy item sales%; Request frequency
Cannot customize order,no substitutions;inflexible;can't modify,medium,Reasonable modification policy;Clear communication of limits;POS system flexibility;Chef approval for complex requests,Modification denial rate; Guest satisfaction on flexibility
Forced to order minimum items,minimum order too high;have to order more;unfair policy,low,Evaluate minimum necessity;Clear signage;Waive for regulars;Shareable options to meet minimum,Minimum order complaints; Policy exception rate
Sharing plate charge excessive,sharing fee too high;charged to share;unreasonable,low,Transparent sharing policy;Reasonable fee or none;Extra plates no charge;Menu disclosure,Sharing charge complaints; Policy clarity score
Corkage fee not disclosed,surprised by corkage;fee not mentioned;expensive corkage,medium,Menu clearly states corkage;Website disclosure;Server mentions when BYOB asked;Competitive rate review,Corkage surprise complaints; Disclosure compliance%
No alcohol-free beverage options,only soda;no mocktails;limited non-alcoholic,low,Creative mocktail menu;Fresh juices;Premium non-alcoholic options;Staff suggestions,Non-alcoholic beverage sales; Guest satisfaction
Pressure to order alcohol,pushed drinks;felt judged for no alcohol;server disappointed,medium,Respect guest choices;Equal service regardless;Train on non-alcoholic upselling;Remove pressure tactics,Alcohol pressure complaints; Server training compliance%
Wine list outdated or limited,limited wine;old vintages;no wine list,low,Curated wine selection;Regular supplier reviews;Wine list updates quarterly;Staff recommendations,Wine sales per cover; Selection satisfaction score
Beer selection too limited,only domestic;no craft beer;limited selection,low,Rotate craft options;Local brewery partnerships;Seasonal selections;Guest preference tracking,Craft beer sales%; Selection request rate
Cocktail menu never changes,same cocktails always;boring menu;no innovation,low,Seasonal cocktail rotation;Bartender creativity encouraged;Limited-time offerings;Guest feedback integration,Menu rotation frequency; New item trial rate
No decaf coffee available,no decaf;only regular;can't have caffeine,low,Stock decaf always;Clearly offer;Decaf tea options;Staff awareness to offer,Decaf request fulfillment%; Stockout frequency
Milk alternatives not available,no soy milk;no oat milk;no alternatives,low,Stock multiple alternatives;Upcharge reasonable or none;Clear menu labeling;Barista training,Alternative milk sales%; Request fulfillment rate
Tap water tastes bad,bad tap water;chlorine taste;prefer bottled,low,Water filtration system;Offer bottled alternative;Lemon/cucumber infusion;Regular filter maintenance,Water quality complaints; Filtration system maintenance logs
Ice tastes or smells off,bad ice;smelly ice;dirty ice machine,high,Ice machine cleaning schedule;Water filter for ice;Bin sanitation;Staff training on ice handling,Ice quality complaints; Machine cleaning frequency
Drinks served in dirty glasses,lipstick on glass;spots on glass;dirty rim,high,Glass inspection protocol;Polishing station;Immediate replacement;Dishwasher maintenance,Dirty glass incidents; Rewash rate
Wrong temperature for wine service,red wine too warm;white wine not cold;poor service,medium,Wine storage temperature monitoring;Service temperature guidelines;Staff training on proper temps;Chilling/warming protocols,Wine temp complaints; Storage temp logs
Beer served in wrong glassware,wrong glass;plastic cup;poor presentation,low,Glassware standards by beer type;Stock adequate specialty glasses;Staff training;Elevate beer program,Glassware complaint rate; Proper glass usage%
Cocktail garnish missing or wrong,no garnish;wrong garnish;looked bad,low,Garnish prep list;Standard recipes;Visual training;Quality check at bar,Garnish error rate; Presentation audit score
Espresso machine broken / no espresso,can't get espresso;machine down;no cappuccino,medium,Preventive maintenance contract;Backup machine for high-volume;Barista basic troubleshooting;Clear signage when down,Espresso machine uptime%; Maintenance frequency
Blender too loud / disruptive,blender so loud;can't talk;disruptive noise,low,Sound-dampening blender enclosure;Limit blended drinks during quiet hours;Bar location consideration,Blender noise complaints; Noise level during service
Bar staff ignoring table service,bar only serves bar seats;couldn't get drink;had to go to bar,medium,Service bar separate from guest bar;Server orders prioritized;Communication system;Adequate bar staffing,Table drink wait time; Server bar satisfaction
Last call too early,stopped serving too early;wanted another drink;last call too soon,low,Legal compliance first;Clear last call announcement;Reasonable timing;Staff consistency,Last call complaints; Legal compliance%
Refused service without clear reason,wouldn't serve me;rude refusal;felt discriminated,high,Refusal policy documented;Manager approval required;Clear communication of reason;De-escalation training,Refusal incidents; Complaint rate
ID check inconsistent or offensive,didn't card others;offensive ID check;inconsistent,medium,Card everyone policy or clear age threshold;Respectful ID request script;Manager support;Compliance over perception,ID check complaints; Policy compliance audit
Bouncer or security too aggressive,security rude;rough handling;excessive force,critical,Security training on de-escalation;Professional security company;Clear escalation protocol;Incident review,Security complaint rate; Force incident reports
VIP treatment makes others feel excluded,VIP area obvious;felt like second class;exclusive treatment visible,medium,Discrete VIP service;Equal attention to all;Subtle upgrades;Avoid obvious favoritism,VIP exclusivity complaints; Non-VIP satisfaction score
Loyalty member benefits not honored,told I have reward but denied;benefit not applied;loyalty not recognized,high,POS integration with loyalty;Staff training on benefits;Manual override capability;Apology and correction protocol,Loyalty benefit failure rate; Member satisfaction
App glitches during payment,app froze during payment;charged twice;payment error,high,Payment testing before releases;Error handling with rollback;Support contact visible;Alternative payment ready,Payment error rate; Duplicate charge incidents
Cannot delete account or data,can't delete account;privacy concern;data not removed,medium,Clear account deletion process;GDPR compliance;Data retention policy;Privacy settings accessible,Account deletion request time; Privacy complaints
Marketing emails after unsubscribe,still getting emails;can't unsubscribe;spam continues,medium,Unsubscribe processing within 24hrs;List segmentation clean-up;Compliance monitoring;Easy opt-out,Unsubscribe complaints; List hygiene score
Personal data breach or leak,data leaked;privacy violated;information exposed,critical,Immediate breach protocol;Legal notification requirements;Credit monitoring offer;Security audit and fixes,Breach incidents; Notification compliance time
Charged for cancelled reservation,charged cancellation fee;policy unclear;unfair charge,medium,Clear cancellation policy at booking;Reminder before deadline;Reasonable fee;Waive for emergencies with documentation,Cancellation dispute rate; Policy clarity score
Unable to modify reservation online,can't change reservation;have to call;website won't let me modify,medium,Online modification feature;Grace period for changes;Clear instructions;Phone backup available,Modification difficulty complaints; Online success rate
Reservation confirmation never received,no confirmation email;worried about booking;did it go through,medium,Immediate confirmation email/SMS;Resend option;Check spam folder guidance;Phone confirmation backup,Confirmation delivery rate; Guest inquiry rate
Double-booked reservation,both had reservations;overbooked;gave table away,critical,Reservation system integrity audit;Buffer capacity;Manager override alerts;Immediate resolution with compensation,Double-booking incidents; Resolution satisfaction
Waitlist system confusing,don't understand waitlist;how long is wait;never called,medium,Clear waitlist explanation;SMS notification;Visible queue position;Regular updates,Waitlist abandonment rate; Notification success%
Told longer wait than actual,said 45min but seated in 15;inaccurate estimate,low,Accurate estimates with buffer;Update when faster;Better than promised approach,Estimate accuracy (over/under); Guest satisfaction
Name pronunciation mispronounced repeatedly,kept saying name wrong;embarrassing;disrespectful,medium,Ask for pronunciation;Phonetic spelling option;Name tag for guest;Respectful corrections,Name mispronunciation complaints; Staff sensitivity training%
Religious dietary restrictions not understood,don't understand kosher;halal confusion;religious needs ignored,high,Religious dietary training;Menu labeling;Ingredient disclosure;Dedicated prep if feasible,Religious dietary complaints; Staff knowledge score
Cultural insensitivity / stereotyping,offensive comment;cultural stereotype;insensitive,critical,Diversity and inclusion training;Zero-tolerance policy;Immediate manager involvement;Sincere apology,Cultural insensitivity incidents; Training completion%
Gender discrimination in service,treated differently by gender;sexist behavior;unequal service,critical,Equal service standards training;Anonymous feedback channel;Investigation protocol;Disciplinary action,Gender discrimination complaints; Investigation outcomes
Age discrimination suspected,treated poorly due to age;ageist comments;judged for age,critical,Age diversity training;Respect for all ages;Manager oversight;Legal compliance review,Age discrimination complaints; Training completion%
Disability accommodations refused,wouldn't accommodate disability;no help offered;inaccessible,critical,ADA compliance audit;Accommodation protocol;Staff training;Proactive assistance offer,Accommodation refusal incidents; ADA compliance score
Service animal questioned or refused,challenged service animal;refused entry;don't understand law,critical,Service animal law training;No questions about disability allowed;Welcome protocol;Documentation,Service animal incidents; Staff training completion%
Pregnancy discrimination / poor treatment,no alcohol made them rude;judged for being pregnant;poor service,high,Equal respect training;Mocktail alternatives;Comfortable seating offered;Sensitivity awareness,Pregnancy-related complaints; Staff awareness score
LGBTQ+ discrimination or discomfort,homophobic comment;transphobic behavior;made us uncomfortable;not welcoming,critical,LGBTQ+ inclusion training;Safe space policies;Gender-neutral restrooms;Pride participation,LGBTQ+ complaints; Inclusion training completion%
Racial profiling or discrimination,followed in restaurant;treated with suspicion;racist comment,critical,Anti-racism training;Equal treatment audits;Anonymous reporting;Immediate investigation;Zero tolerance,Racial discrimination incidents; Investigation response time
Asked to prepay due to appearance,asked to pay first;profiling;offensive assumption,critical,No prepayment discrimination;Consistent payment policies;Manager approval only for legitimate reasons;Training,Prepayment discrimination complaints; Policy compliance%
Dress code enforced inconsistently,let others in but not us;discriminatory enforcement;unfair,high,Objective dress code criteria;Consistent enforcement;Manager authorization;Regular audits,Dress code enforcement complaints; Consistency audit score
Charged more than menu price,price different;charged extra;menu incorrect,high,Daily price audit;POS programming checks;Honor menu price;Immediate correction and apology,Pricing error incidents; Audit frequency
Automatic tip added without notice,didn't see auto-tip;surprised by charge;should have been told,high,Clear notice on menu;Server verbal disclosure for parties;Receipt highlights;Adjust if requested,Auto-tip surprise complaints; Disclosure compliance%
Split check limit unreasonable,won't split more than 2 ways;large group can't split;inflexible,medium,Reasonable split policy;Technology to enable;Advance notice for large groups;Workarounds offered,Split check denial rate; Guest satisfaction on payment
Change not returned / kept tips,didn't get change back;assumed tip;uncomfortable,high,Always return change;Guest decides tip;Never assume;Cash handling training,Change return policy violations; Tips assumed incidents
Credit card minimum purchase enforced,minimum charge for card;cash only under $10;inconvenient,low,Eliminate minimums or lower;Surcharge alternative;Legal compliance check;Clear signage,Card minimum complaints; Policy review date
Surcharge for credit cards not disclosed,hidden credit card fee;surprised by surcharge;not mentioned,medium,Clear surcharge disclosure at entry and menu;POS displays before final;Legal signage requirements,Surcharge surprise complaints; Disclosure compliance%
Cannot tip in cash on card payment,wanted to tip cash;forced tip on card;prefer cash tip,low,Allow separate cash tip;Explain options;Staff training on split payment;Guest choice priority,Cash tip request accommodation%; Guest satisfaction
Receipt signature line pre-filled,tip pre-filled;signature area marked;felt pressured,high,Blank receipt only;No pre-filling allowed;Policy enforcement;Audit regularly,Pre-filled receipt incidents; Policy compliance%
Manager comped meal but still charged,manager said free but got bill;confusion on comp;awkward,high,Comp authorization clear in POS;Manager initials on check;Verify before presenting bill;Clear communication,Comp confusion incidents; Authorization accuracy%
Bait and switch on advertised specials,special not honored;advertised item unavailable;misleading,high,Honor all advertised specials;Adequate inventory;Substitution of equal value;Clear terms and dates,Special fulfillment rate; Bait/switch complaints
Expired food served,old food;past date;made me sick,critical,FIFO inventory system;Date labeling mandatory;Daily checks;Immediate removal protocol;Health department standards,Expired food incidents; Inventory compliance%
Frozen food served as fresh,clearly frozen;not fresh;thawed badly,high,Honest menu descriptions;Flash-frozen vs fresh distinction;Quality standards;Supplier verification,Frozen vs fresh complaints; Menu accuracy audit
Microwaved food obvious,food microwaved;uneven heating;clearly reheated,medium,Minimize microwave use;Proper reheating techniques;Fresh preparation preferred;Quality standards,Microwave detection complaints; Preparation method audit
Pre-made food not disclosed,clearly premade;not cooked here;disappointing,medium,Menu indicates prep method if asked;Scratch-made highlights;Quality packaged items only;Transparency,Premade food complaints; Scratch-made percentage
Sauce from bottle not house-made,bottled sauce;not house-made;generic,low,House-made sauces when claimed;Honest menu language;Elevate purchased sauces;Quality brands only,House-made accuracy%; Quality perception score
Ingredient substitution without notice,different ingredient;not what ordered;undisclosed swap,high,No substitutions without informing guest;Server script for 86 items;Comparable quality;Discount if inferior,Unauthorized substitution rate; Guest satisfaction
Lower quality ingredient than expected,cheap ingredient;not authentic;poor quality,medium,Ingredient standards documented;Supplier quality audits;Menu accuracy;Guest education on preparation,Ingredient quality complaints; Supplier audit score
Farm to table claims unverifiable,doubtful claims;not local;marketing hype,medium,Supplier documentation;Farm partnerships transparent;Seasonal menu reality;Honest sourcing,Sourcing claim complaints; Documentation verification%
Organic claims questionable,not really organic;no certification;false advertising,high,Certified organic only;Documentation available;Third-party verification;Remove claims if unverifiable,Organic claim complaints; Certification currency
Sustainable seafood not actually sustainable,unsustainable fish;false eco claims;greenwashing,medium,Seafood Watch guidelines;Supplier certifications;Staff training on sustainability;Menu accuracy,Sustainability claim audits; Certification compliance%
Gluten-free not truly gluten-free,cross contact;got sick;not safe for celiac,critical,Dedicated prep area required;Training on celiac vs preference;Never claim GF unless safe;Ingredient verification,Gluten-free safety incidents; Celiac-safe protocols compliance%